Year,Country,GDP Per Capita - Foreign
1990,Netherlands,"$36,633.03"
1990,Greece,"$24,459.28"
1990,New Zealand,"$27,615.61"
1990,Bahrain,"$38,613.49"
1990,Thailand,"$7,109.11"
1990,India,"$1,809.80"
1990,Indonesia,"$4,532.54"
1990,Germany,"$36,640.00"
1990,Japan,"$32,068.86"
1990,Hong Kong SAR,"$28,798.49"
1990,United States,"$40,500.59"
1990,Malaysia,"$10,308.02"
1990,United Kingdom,"$30,673.01"
1990,Fiji,"$8,427.25"
1990,Italy,"$36,764.74"
1990,Singapore,"$37,348.21"
1990,Canada,"$32,036.27"
1990,United Arab Emirates,"$111,454.36"
1990,Guam,
1990,Solomon Islands,"$2,071.67"
1990,Philippines,"$4,231.79"
1990,New Caledonia,
1990,Papua New Guinea,"$2,440.09"
1990,Vanuatu,"$2,805.85"
1990,Brunei,"$71,230.86"
1990,Yugoslavia,
1990,Zimbabwe,"$3,324.35"
1990,Nauru,
1990,Tahiti,
1990,Western Samoa,
1990,China,"$1,423.70"
1990,Argentina,"$14,144.89"
1990,American Samoa,
1990,France,"$33,893.59"
1990,Cook Islands,
1990,Austria,"$37,700.88"
1990,Korea,"$12,669.88"
1990,Malta,"$18,025.51"
1990,Pakistan,"$2,915.90"
1990,Tonga,"$3,935.75"
1991,New Zealand,"$26,022.60"
1991,Thailand,"$7,626.61"
1991,Indonesia,"$4,762.39"
1991,Germany,"$38,232.09"
1991,Zimbabwe,"$3,426.60"
1991,Hong Kong SAR,"$30,189.17"
1991,United States,"$39,919.74"
1991,Malaysia,"$10,993.14"
1991,United Kingdom,"$30,240.98"
1991,Fiji,"$8,123.58"
1991,Italy,"$37,304.51"
1991,Singapore,"$38,728.40"
1991,Japan,"$33,062.05"
1991,Canada,"$30,980.55"
1991,Western Samoa,
1991,Guam,
1991,Solomon Islands,"$2,135.03"
1991,Philippines,"$4,103.91"
1991,New Caledonia,
1991,American Samoa,
1991,Papua New Guinea,"$2,610.99"
1991,Vanuatu,"$2,814.39"
1991,Cook Islands,
1991,Brunei,"$71,404.84"
1991,Netherlands,"$37,232.00"
1991,Greece,"$24,916.63"
1991,Yugoslavia,
1991,United Arab Emirates,"$106,103.88"
1991,Pakistan,"$2,976.91"
1991,Nauru,
1991,Tahiti,
1991,Bahrain,"$41,784.62"
1991,China,"$1,534.94"
1991,India,"$1,792.00"
1991,Argentina,"$15,221.93"
1991,France,"$34,059.59"
1991,Korea,"$13,897.22"
1991,Austria,"$38,610.97"
1991,Tonga,"$4,180.44"
1991,Taiwan,
1992,New Zealand,"$26,034.80"
1992,Thailand,"$8,160.60"
1992,Indonesia,"$4,986.78"
1992,Germany,"$38,674.06"
1992,Hong Kong SAR,"$31,803.29"
1992,United States,"$40,756.70"
1992,Malaysia,"$11,665.83"
1992,United Kingdom,"$30,280.28"
1992,Italy,"$37,590.19"
1992,Singapore,"$40,077.55"
1992,Japan,"$33,259.77"
1992,Canada,"$30,891.62"
1992,Guam,
1992,Zimbabwe,"$3,054.89"
1992,Solomon Islands,"$2,338.79"
1992,Philippines,"$4,018.63"
1992,Fiji,"$8,514.14"
1992,New Caledonia,
1992,Papua New Guinea,"$2,904.56"
1992,Vanuatu,"$2,804.46"
1992,Korea,"$14,606.08"
1992,Taiwan,
1992,Brunei,"$72,704.67"
1992,Netherlands,"$37,581.98"
1992,Greece,"$24,900.11"
1992,China,"$1,731.79"
1992,Yugoslavia,
1992,United Arab Emirates,"$103,470.98"
1992,South Africa,"$9,490.98"
1992,Nauru,
1992,Tahiti,
1992,France,"$34,432.68"
1992,Austria,"$38,987.85"
1992,Western Samoa,
1992,Bahrain,"$43,444.30"
1992,Argentina,"$16,209.47"
1992,Cook Islands,
1992,Tonga,"$4,184.25"
1992,Sri Lanka,"$4,137.05"
1993,New Zealand,"$27,384.72"
1993,Thailand,"$8,754.24"
1993,Indonesia,"$5,224.17"
1993,Germany,"$38,044.38"
1993,Hong Kong SAR,"$33,200.22"
1993,United States,"$41,330.05"
1993,Malaysia,"$12,502.86"
1993,United Kingdom,"$30,959.89"
1993,Fiji,"$8,574.62"
1993,Papua New Guinea,"$3,354.98"
1993,Italy,"$37,246.84"
1993,Singapore,"$43,555.62"
1993,Japan,"$33,005.95"
1993,Canada,"$31,367.00"
1993,Guam,
1993,Zimbabwe,"$3,033.50"
1993,Solomon Islands,"$2,363.68"
1993,Philippines,"$4,006.70"
1993,New Caledonia,
1993,Tahiti,
1993,Vanuatu,"$2,744.61"
1993,Korea,"$15,452.84"
1993,Taiwan,
1993,Brunei,"$70,909.56"
1993,Netherlands,"$37,790.28"
1993,Greece,"$24,358.00"
1993,Bahrain,"$47,835.42"
1993,China,"$1,949.41"
1993,Sri Lanka,"$4,376.13"
1993,South Africa,"$9,375.05"
1993,Nauru,
1993,Austria,"$38,871.37"
1993,Western Samoa,
1993,Argentina,"$17,312.18"
1993,France,"$34,068.28"
1993,Cook Islands,
1993,Tonga,"$4,333.49"
1993,United Arab Emirates,"$98,978.29"
1993,Wallis Island,
1993,Russia,"$15,919.29"
1994,New Zealand,"$28,406.49"
1994,Thailand,"$9,368.01"
1994,Indonesia,"$5,529.23"
1994,Germany,"$38,821.82"
1994,Hong Kong SAR,"$34,420.25"
1994,United States,"$42,471.14"
1994,South Africa,"$9,453.16"
1994,Malaysia,"$13,317.93"
1994,United Kingdom,"$32,068.86"
1994,Philippines,"$4,085.14"
1994,Fiji,"$8,886.61"
1994,France,"$34,742.16"
1994,Papua New Guinea,"$3,472.52"
1994,Italy,"$38,040.28"
1994,Singapore,"$46,895.05"
1994,Japan,"$33,220.35"
1994,Canada,"$32,419.75"
1994,Zimbabwe,"$3,263.93"
1994,Solomon Islands,"$2,508.75"
1994,New Caledonia,
1994,Tahiti,
1994,Vanuatu,"$2,913.20"
1994,Korea,"$16,716.07"
1994,Taiwan,
1994,Brunei,"$71,175.85"
1994,Netherlands,"$38,675.39"
1994,Western Samoa,
1994,Greece,"$24,721.07"
1994,Bahrain,"$46,554.76"
1994,China,"$2,179.08"
1994,United Arab Emirates,"$100,212.81"
1994,Nauru,
1994,Austria,"$39,652.21"
1994,Mauritius,"$9,252.72"
1994,Argentina,"$18,092.18"
1994,Russia,"$13,923.05"
1994,Tonga,"$4,539.46"
1994,Belgium,"$37,010.93"
1994,Lebanon,"$12,961.89"
1995,New Zealand,"$29,315.41"
1995,Thailand,"$10,027.89"
1995,Indonesia,"$5,892.07"
1995,Germany,"$39,301.97"
1995,Hong Kong SAR,"$34,546.43"
1995,United States,"$43,094.95"
1995,Malaysia,"$14,262.78"
1995,United Kingdom,"$32,793.87"
1995,Philippines,"$4,178.03"
1995,Fiji,"$8,993.47"
1995,Japan,"$34,001.23"
1995,France,"$35,346.15"
1995,Italy,"$39,137.81"
1995,Korea,"$18,139.81"
1995,Singapore,"$48,767.72"
1995,Canada,"$32,950.40"
1995,Brunei,"$72,446.41"
1995,Zimbabwe,"$3,226.41"
1995,Solomon Islands,"$2,639.49"
1995,South Africa,"$9,541.17"
1995,New Caledonia,
1995,Tahiti,
1995,Papua New Guinea,"$3,278.91"
1995,Vanuatu,"$2,872.17"
1995,Taiwan,
1995,Western Samoa,
1995,Greece,"$25,122.50"
1995,Bahrain,"$47,172.90"
1995,China,"$2,391.54"
1995,Mauritius,"$9,566.82"
1995,Nauru,
1995,Austria,"$40,647.84"
1995,Netherlands,"$39,684.04"
1995,Lebanon,"$13,308.88"
1995,Argentina,"$17,362.67"
1995,United Arab Emirates,"$101,571.37"
1995,Russia,"$13,349.03"
1995,Tonga,"$4,696.33"
1995,India,"$2,100.64"
1995,Guam,
1995,Vietnam,"$2,252.63"
1995,Egypt,"$6,483.31"
1995,Sri Lanka,"$4,790.35"
1996,New Zealand,"$29,898.88"
1996,Thailand,"$10,477.86"
1996,Indonesia,"$6,258.44"
1996,Germany,"$39,510.09"
1996,Vietnam,"$2,425.53"
1996,Hong Kong SAR,"$34,453.86"
1996,United States,"$44,203.44"
1996,Malaysia,"$15,293.80"
1996,United Kingdom,"$33,525.47"
1996,Philippines,"$4,322.08"
1996,Fiji,"$9,317.48"
1996,Japan,"$34,966.63"
1996,Tahiti,
1996,Papua New Guinea,"$3,447.95"
1996,Vanuatu,"$2,878.05"
1996,Italy,"$39,622.47"
1996,Korea,"$19,385.58"
1996,Singapore,"$50,323.88"
1996,Taiwan,
1996,Canada,"$33,135.73"
1996,Brunei,"$72,694.67"
1996,Zimbabwe,"$3,520.43"
1996,Solomon Islands,"$2,607.53"
1996,South Africa,"$9,761.74"
1996,Nauru,
1996,New Caledonia,
1996,Western Samoa,
1996,Greece,"$25,727.91"
1996,Bahrain,"$47,841.28"
1996,China,"$2,601.57"
1996,Mauritius,"$9,998.62"
1996,United Arab Emirates,"$102,211.44"
1996,Austria,"$41,546.74"
1996,India,"$2,216.81"
1996,Netherlands,"$40,883.41"
1996,Lebanon,"$14,473.38"
1996,Argentina,"$18,104.86"
1996,Egypt,"$6,671.09"
1996,Sri Lanka,"$4,938.71"
1996,Guam,
1996,Russia,"$12,866.47"
1996,France,"$35,718.89"
1996,Tonga,"$4,682.32"
1997,New Zealand,"$30,113.85"
1997,Thailand,"$10,069.37"
1997,China,"$2,812.78"
1997,India,"$2,263.87"
1997,Indonesia,"$6,458.07"
1997,Germany,"$40,156.01"
1997,Japan,"$35,258.77"
1997,Vietnam,"$2,587.06"
1997,Hong Kong SAR,"$35,910.70"
1997,United States,"$45,616.73"
1997,Malaysia,"$15,998.73"
1997,United Kingdom,"$34,728.26"
1997,Philippines,"$4,444.79"
1997,Fiji,"$9,016.52"
1997,Tahiti,
1997,Italy,"$40,326.30"
1997,Korea,"$20,389.68"
1997,Singapore,"$52,711.00"
1997,Taiwan,
1997,Canada,"$34,212.26"
1997,Brunei,"$69,940.87"
1997,Zimbabwe,"$3,580.05"
1997,Solomon Islands,"$2,499.14"
1997,Nauru,
1997,New Caledonia,
1997,Papua New Guinea,"$3,232.79"
1997,Vanuatu,"$2,964.24"
1997,Netherlands,"$42,434.27"
1997,Western Samoa,
1997,Greece,"$26,749.33"
1997,Bahrain,"$47,972.61"
1997,United Arab Emirates,"$105,108.96"
1997,South Africa,"$9,841.63"
1997,Mauritius,"$10,435.80"
1997,Austria,"$42,368.52"
1997,Lebanon,"$14,435.13"
1997,Argentina,"$19,347.71"
1997,Egypt,"$6,897.52"
1997,Sri Lanka,"$5,225.58"
1997,France,"$36,424.31"
1997,Tonga,"$4,659.41"
1998,New Zealand,"$30,086.08"
1998,Thailand,"$9,189.14"
1998,China,"$3,004.27"
1998,India,"$2,360.06"
1998,Indonesia,"$5,531.30"
1998,Germany,"$40,960.57"
1998,Japan,"$34,766.31"
1998,Vietnam,"$2,701.77"
1998,Hong Kong SAR,"$33,517.21"
1998,United States,"$47,108.64"
1998,Malaysia,"$14,451.46"
1998,United Kingdom,"$35,889.32"
1998,Philippines,"$4,322.03"
1998,Fiji,"$9,049.02"
1998,New Caledonia,
1998,Tahiti,
1998,Vanuatu,"$3,038.49"
1998,Korea,"$19,204.67"
1998,Singapore,"$49,831.82"
1998,Taiwan,
1998,Canada,"$34,878.36"
1998,Brunei,"$67,984.22"
1998,Zimbabwe,"$3,653.92"
1998,Solomon Islands,"$2,474.09"
1998,South Africa,"$9,733.52"
1998,Nauru,
1998,Papua New Guinea,"$3,035.63"
1998,Italy,"$41,044.65"
1998,Western Samoa,
1998,Greece,"$27,637.59"
1998,Bahrain,"$48,733.06"
1998,United Arab Emirates,"$100,100.44"
1998,Mauritius,"$10,953.68"
1998,Austria,"$43,837.79"
1998,Netherlands,"$44,140.34"
1998,Lebanon,"$14,822.09"
1998,Argentina,"$19,866.41"
1998,Egypt,"$7,138.21"
1998,Sri Lanka,"$5,443.48"
1998,France,"$37,592.64"
1998,Tonga,"$4,765.72"
1998,Guam,
1998,Chile,"$14,767.38"
1998,Switzerland,"$56,023.18"
1999,New Zealand,"$31,559.81"
1999,Thailand,"$9,499.25"
1999,India,"$2,522.86"
1999,Argentina,"$18,981.33"
1999,Indonesia,"$5,497.81"
1999,Germany,"$41,708.56"
1999,Vietnam,"$2,797.79"
1999,Hong Kong SAR,"$34,030.79"
1999,United States,"$48,784.39"
1999,South Africa,"$9,819.59"
1999,Malaysia,"$14,968.43"
1999,United Kingdom,"$36,996.13"
1999,Philippines,"$4,358.69"
1999,Fiji,"$9,770.29"
1999,Japan,"$34,615.45"
1999,Tahiti,
1999,France,"$38,679.32"
1999,Vanuatu,"$2,993.53"
1999,Chile,"$14,527.02"
1999,Korea,"$21,255.24"
1999,Singapore,"$52,264.85"
1999,Taiwan,
1999,Canada,"$35,969.63"
1999,Switzerland,"$56,701.55"
1999,Brunei,"$68,541.66"
1999,China,"$3,206.74"
1999,Zimbabwe,"$3,600.85"
1999,Solomon Islands,"$2,395.36"
1999,Nauru,
1999,New Caledonia,
1999,Papua New Guinea,"$3,019.26"
1999,Italy,"$41,704.90"
1999,Guam,
1999,Western Samoa,
1999,Greece,"$28,377.76"
1999,Bahrain,"$49,004.69"
1999,United Arab Emirates,"$97,698.37"
1999,Mauritius,"$11,097.69"
1999,Tonga,"$4,927.86"
1999,Austria,"$45,308.57"
1999,Netherlands,"$46,054.88"
1999,Egypt,"$7,422.84"
1999,Sri Lanka,"$5,647.56"
1999,Luxembourg,"$90,210.75"
2000,United States,"$50,235.82"
2000,New Zealand,"$32,286.39"
2000,Thailand,"$9,819.37"
2000,India,"$2,573.85"
2000,Argentina,"$18,625.45"
2000,Indonesia,"$5,689.26"
2000,Germany,"$42,858.02"
2000,Zimbabwe,"$3,473.43"
2000,Hong Kong SAR,"$36,317.14"
2000,South Africa,"$10,088.85"
2000,Malaysia,"$15,920.05"
2000,United Kingdom,"$38,131.37"
2000,Philippines,"$4,453.76"
2000,Fiji,"$9,548.50"
2000,Japan,"$35,518.17"
2000,Tahiti,
2000,France,"$39,922.59"
2000,Papua New Guinea,"$2,877.77"
2000,Vanuatu,"$3,107.26"
2000,Italy,"$43,264.65"
2000,China,"$3,451.73"
2000,Singapore,"$56,010.57"
2000,Taiwan,
2000,Canada,"$37,388.71"
2000,Switzerland,"$58,603.53"
2000,Western Samoa,
2000,Brunei,"$69,023.09"
2000,Solomon Islands,"$1,998.50"
2000,Nauru,
2000,New Caledonia,
2000,Korea,"$22,988.11"
2000,Guam,
2000,Greece,"$29,369.72"
2000,Bahrain,"$49,422.56"
2000,United Arab Emirates,"$102,494.88"
2000,Vietnam,"$2,954.98"
2000,Luxembourg,"$96,340.30"
2000,Mauritius,"$11,890.59"
2000,Tonga,"$5,068.39"
2000,Austria,"$46,725.57"
2000,Netherlands,"$47,645.40"
2000,Egypt,"$7,744.72"
2000,Sri Lanka,"$5,949.97"
2000,East Timor,
2001,New Zealand,"$33,208.57"
2001,Thailand,"$10,063.80"
2001,India,"$2,651.77"
2001,Argentina,"$17,610.91"
2001,Indonesia,"$5,816.43"
2001,Germany,"$43,512.37"
2001,Hong Kong SAR,"$36,252.68"
2001,United States,"$50,237.66"
2001,South Africa,"$10,224.02"
2001,Malaysia,"$15,654.96"
2001,United Kingdom,"$39,114.67"
2001,Philippines,"$4,492.72"
2001,Japan,"$35,576.67"
2001,New Caledonia,
2001,France,"$40,419.30"
2001,Papua New Guinea,"$2,813.16"
2001,Italy,"$44,084.13"
2001,China,"$3,712.54"
2001,Singapore,"$53,937.13"
2001,Taiwan,
2001,Canada,"$37,504.57"
2001,Brunei,"$69,484.52"
2001,Solomon Islands,"$1,790.10"
2001,Fiji,"$9,704.54"
2001,Nauru,
2001,Vanuatu,"$2,931.55"
2001,Korea,"$23,919.36"
2001,East Timor,
2001,Guam,
2001,United Arab Emirates,"$98,621.63"
2001,Western Samoa,
2001,Greece,"$30,424.58"
2001,Bahrain,"$48,262.08"
2001,Vietnam,"$3,105.64"
2001,Luxembourg,"$97,610.65"
2001,Mauritius,"$12,191.93"
2001,American Samoa,
2001,Tonga,"$5,223.54"
2001,Austria,"$47,136.87"
2001,Netherlands,"$48,387.46"
2001,Egypt,"$7,867.51"
2001,Sri Lanka,"$5,816.47"
2001,Tahiti,
2001,Pakistan,"$3,277.05"
2002,New Zealand,"$34,162.24"
2002,Thailand,"$10,594.28"
2002,India,"$2,706.53"
2002,Argentina,"$15,523.17"
2002,Indonesia,"$5,996.19"
2002,Germany,"$43,353.07"
2002,Hong Kong SAR,"$36,690.41"
2002,United States,"$50,640.61"
2002,South Africa,"$10,469.19"
2002,Malaysia,"$16,158.64"
2002,United Kingdom,"$39,854.75"
2002,Philippines,"$4,562.76"
2002,France,"$40,582.07"
2002,Italy,"$44,130.31"
2002,Singapore,"$55,539.37"
2002,Taiwan,
2002,Japan,"$35,535.92"
2002,Brunei,"$70,770.58"
2002,Solomon Islands,"$1,694.07"
2002,Fiji,"$9,998.72"
2002,Nauru,
2002,New Caledonia,
2002,Papua New Guinea,"$2,751.59"
2002,Vanuatu,"$2,714.28"
2002,Korea,"$25,618.67"
2002,Guam,
2002,Greece,"$31,502.41"
2002,Bahrain,"$47,327.01"
2002,China,"$4,024.46"
2002,United Arab Emirates,"$95,908.92"
2002,Vietnam,"$3,269.88"
2002,Luxembourg,"$100,282.72"
2002,Mauritius,"$12,303.11"
2002,Canada,"$38,368.52"
2002,Austria,"$47,680.21"
2002,Netherlands,"$48,184.05"
2002,Western Samoa,
2002,Egypt,"$7,905.41"
2002,Tahiti,
2002,Tonga,"$5,372.94"
2002,Pakistan,"$3,279.03"
2002,Chile,"$15,755.37"
2002,Niue,
2003,Hong Kong SAR,"$37,886.49"
2003,Malaysia,"$16,754.56"
2003,Singapore,"$58,920.95"
2003,New Zealand,"$35,018.60"
2003,Brunei,"$71,483.59"
2003,Thailand,"$11,271.35"
2003,Indonesia,"$6,198.65"
2003,Solomon Islands,"$1,757.42"
2003,United States,"$51,643.77"
2003,Philippines,"$4,697.49"
2003,Fiji,"$10,088.58"
2003,Nauru,
2003,New Caledonia,
2003,Japan,"$36,001.87"
2003,Papua New Guinea,"$2,754.78"
2003,Vanuatu,"$2,759.12"
2003,Italy,"$43,995.49"
2003,Korea,"$26,288.35"
2003,Taiwan,
2003,Guam,
2003,China,"$4,400.85"
2003,United Arab Emirates,"$97,795.00"
2003,Germany,"$43,019.91"
2003,Vietnam,"$3,462.88"
2003,United Kingdom,"$40,973.30"
2003,Luxembourg,"$100,685.61"
2003,Mauritius,"$12,938.15"
2003,Austria,"$47,895.22"
2003,South Africa,"$10,646.83"
2003,France,"$40,627.15"
2003,Netherlands,"$48,031.89"
2003,Western Samoa,
2003,Argentina,"$16,714.82"
2003,Tahiti,
2003,Chile,"$16,228.95"
2003,Tonga,"$5,455.00"
2003,Canada,"$39,473.37"
2003,Pakistan,"$3,388.18"
2003,Niue,
2003,India,"$2,871.45"
2003,Bahrain,"$47,492.68"
2003,Ireland,"$52,520.60"
2004,Indonesia,"$6,423.72"
2004,Hong Kong SAR,"$40,862.70"
2004,Malaysia,"$17,541.78"
2004,Singapore,"$63,901.72"
2004,New Zealand,"$35,891.71"
2004,Brunei,"$70,616.82"
2004,Thailand,"$11,898.14"
2004,United Arab Emirates,"$97,758.02"
2004,Solomon Islands,"$1,797.19"
2004,United States,"$53,111.83"
2004,Philippines,"$4,908.06"
2004,Fiji,"$10,600.10"
2004,Nauru,"$5,590.11"
2004,New Caledonia,
2004,Japan,"$36,783.21"
2004,Papua New Guinea,"$2,771.47"
2004,Vanuatu,"$2,796.43"
2004,Korea,"$27,545.28"
2004,Taiwan,
2004,Guam,
2004,China,"$4,817.13"
2004,Germany,"$43,541.26"
2004,Vietnam,"$3,689.73"
2004,United Kingdom,"$41,708.01"
2004,Luxembourg,"$102,850.27"
2004,Mauritius,"$13,413.99"
2004,Austria,"$48,900.88"
2004,South Africa,"$10,997.01"
2004,France,"$41,470.32"
2004,Netherlands,"$48,815.38"
2004,Western Samoa,
2004,Bahrain,"$47,677.27"
2004,Argentina,"$18,032.77"
2004,Niue,
2004,Chile,"$17,219.37"
2004,Tonga,"$5,401.71"
2004,Canada,"$40,637.43"
2004,Pakistan,"$3,560.81"
2004,India,"$3,049.30"
2004,Macau,
2004,Greece,"$34,844.76"
2005,New Zealand,"$36,667.22"
2005,Indonesia,"$6,699.27"
2005,Hong Kong SAR,"$43,690.40"
2005,Malaysia,"$18,117.56"
2005,Singapore,"$67,010.52"
2005,Brunei,"$69,787.44"
2005,Thailand,"$12,316.63"
2005,Brazil,"$12,561.82"
2005,United Arab Emirates,"$90,894.84"
2005,Solomon Islands,"$1,848.74"
2005,United States,"$54,473.36"
2005,Philippines,"$5,054.24"
2005,Fiji,"$10,625.66"
2005,Nauru,"$5,620.19"
2005,New Caledonia,
2005,Japan,"$37,391.29"
2005,Papua New Guinea,"$2,883.48"
2005,Vanuatu,"$2,872.18"
2005,Korea,"$28,671.23"
2005,Taiwan,
2005,Guam,
2005,China,"$5,334.61"
2005,Germany,"$43,880.47"
2005,Vietnam,"$3,931.77"
2005,United Kingdom,"$42,739.75"
2005,Luxembourg,"$104,501.91"
2005,Mauritius,"$13,571.84"
2005,Austria,"$49,658.78"
2005,South Africa,"$11,434.91"
2005,Netherlands,"$49,700.26"
2005,Western Samoa,
2005,Bahrain,"$47,508.48"
2005,India,"$3,239.33"
2005,Argentina,"$19,426.61"
2005,Chile,"$18,019.51"
2005,Tonga,"$5,449.82"
2005,Canada,"$42,266.54"
2005,Pakistan,"$3,706.82"
2005,Cook Islands,
2005,Kazakhstan,"$16,536.02"
2005,Tahiti,
2006,New Zealand,"$37,254.06"
2006,Indonesia,"$6,974.45"
2006,Hong Kong SAR,"$46,463.60"
2006,Malaysia,"$18,756.07"
2006,Singapore,"$70,794.45"
2006,Brunei,"$71,843.33"
2006,Thailand,"$12,850.63"
2006,United Arab Emirates,"$86,425.86"
2006,Solomon Islands,"$1,931.30"
2006,United States,"$55,490.90"
2006,Philippines,"$5,228.32"
2006,Fiji,"$10,740.58"
2006,Nauru,"$5,973.54"
2006,New Caledonia,
2006,Japan,"$37,898.22"
2006,Papua New Guinea,"$2,969.97"
2006,Vanuatu,"$3,041.38"
2006,Korea,"$30,022.48"
2006,Taiwan,
2006,Guam,
2006,India,"$3,446.76"
2006,China,"$5,979.67"
2006,Germany,"$45,605.74"
2006,Vietnam,"$4,167.11"
2006,United Kingdom,"$43,609.74"
2006,Luxembourg,"$108,174.25"
2006,Mauritius,"$14,165.95"
2006,Cook Islands,
2006,Austria,"$51,120.45"
2006,South Africa,"$11,924.07"
2006,Netherlands,"$51,337.86"
2006,Western Samoa,
2006,Bahrain,"$46,925.95"
2006,Argentina,"$20,777.83"
2006,Tahiti,
2006,Chile,"$18,956.60"
2006,Tonga,"$5,362.98"
2006,Canada,"$43,584.70"
2006,Marshall Islands,"$3,531.25"
2007,New Zealand,"$38,041.48"
2007,Hong Kong SAR,"$49,043.92"
2007,Malaysia,"$19,550.66"
2007,Singapore,"$74,032.29"
2007,Brunei,"$71,052.09"
2007,Thailand,"$13,473.43"
2007,Indonesia,"$7,319.43"
2007,United Arab Emirates,"$76,620.41"
2007,Solomon Islands,"$2,026.11"
2007,United States,"$55,996.90"
2007,Marshall Islands,"$3,610.65"
2007,Philippines,"$5,474.68"
2007,Fiji,"$10,543.26"
2007,Nauru,"$4,601.61"
2007,New Caledonia,
2007,Japan,"$38,480.88"
2007,Papua New Guinea,"$3,126.07"
2007,Vanuatu,"$3,124.36"
2007,Korea,"$31,603.58"
2007,Taiwan,
2007,Guam,
2007,India,"$3,655.22"
2007,China,"$6,795.07"
2007,Germany,"$47,029.50"
2007,Vietnam,"$4,422.29"
2007,United Kingdom,"$44,323.22"
2007,Luxembourg,"$115,415.43"
2007,Mauritius,"$14,909.17"
2007,Canada,"$46,128.22"
2007,Austria,"$52,854.32"
2007,South Africa,"$12,402.05"
2007,Netherlands,"$53,158.99"
2007,Western Samoa,
2007,Bahrain,"$47,016.09"
2007,Argentina,"$22,424.32"
2007,Qatar,"$97,375.35"
2007,Tahiti,
2007,Chile,"$19,675.12"
2007,Tonga,"$5,095.73"
2007,Kenya,"$3,221.25"
2007,Italy,"$45,578.52"
2007,Cook Islands,
2007,Nigeria,"$4,288.27"
2008,New Zealand,"$37,331.45"
2008,India,"$3,713.25"
2008,Hong Kong SAR,"$49,788.81"
2008,Malaysia,"$20,107.29"
2008,Singapore,"$71,507.06"
2008,United Arab Emirates,"$68,798.41"
2008,Brunei,"$68,855.62"
2008,Thailand,"$13,634.06"
2008,Vanuatu,"$3,248.40"
2008,Germany,"$47,572.42"
2008,Solomon Islands,"$2,121.69"
2008,United States,"$55,393.98"
2008,Philippines,"$5,618.49"
2008,Fiji,"$10,536.59"
2008,Nauru,"$5,596.33"
2008,New Caledonia,
2008,Japan,"$38,041.65"
2008,Papua New Guinea,"$3,041.89"
2008,Korea,"$32,309.52"
2008,China,"$7,413.01"
2008,Taiwan,
2008,Kiribati,"$2,011.31"
2008,Guam,
2008,Indonesia,"$7,657.59"
2008,Vietnam,"$4,628.03"
2008,United Kingdom,"$43,852.11"
2008,Luxembourg,"$111,920.04"
2008,Mauritius,"$15,655.60"
2008,Cook Islands,
2008,Canada,"$46,091.18"
2008,South Africa,"$12,628.20"
2008,Netherlands,"$54,101.69"
2008,Western Samoa,
2008,Argentina,"$23,103.66"
2008,Tahiti,
2008,Chile,"$20,152.48"
2008,Tonga,"$5,213.12"
2008,Bahrain,"$46,424.35"
2008,Italy,"$44,842.00"
2008,Pakistan,"$3,908.60"
2009,New Zealand,"$36,906.15"
2009,Indonesia,"$7,906.26"
2009,Hong Kong SAR,"$48,459.99"
2009,Malaysia,"$19,446.64"
2009,Singapore,"$69,466.58"
2009,United Arab Emirates,"$58,374.59"
2009,Western Samoa,
2009,Brunei,"$66,850.42"
2009,Thailand,"$13,471.90"
2009,United States,"$53,517.54"
2009,Vanuatu,"$3,275.22"
2009,Solomon Islands,"$1,974.78"
2009,Philippines,"$5,606.59"
2009,Fiji,"$10,289.81"
2009,Nauru,"$6,075.60"
2009,New Caledonia,
2009,Papua New Guinea,"$3,172.10"
2009,Korea,"$32,398.46"
2009,China,"$8,069.58"
2009,Taiwan,
2009,Japan,"$35,985.65"
2009,Guam,
2009,Vietnam,"$4,830.30"
2009,India,"$3,949.08"
2009,Germany,"$44,975.96"
2009,United Kingdom,"$41,672.94"
2009,Luxembourg,"$105,077.95"
2009,Mauritius,"$16,131.71"
2009,Cook Islands,
2009,South Africa,"$12,262.14"
2009,Argentina,"$21,520.08"
2009,Tahiti,
2009,Chile,"$19,628.22"
2009,Tonga,"$5,306.30"
2009,Canada,"$44,233.51"
2009,Qatar,"$94,440.37"
2009,France,"$41,745.48"
2009,Reunion,
2009,Macau,
2009,Kiribati,"$1,983.88"
2010,New Zealand,"$37,066.03"
2010,Indonesia,"$8,286.73"
2010,Hong Kong SAR,"$51,360.99"
2010,Malaysia,"$20,540.23"
2010,Fiji,"$10,517.68"
2010,Singapore,"$78,159.84"
2010,United Arab Emirates,"$54,921.84"
2010,Western Samoa,
2010,Brunei,"$67,751.33"
2010,Thailand,"$14,413.35"
2010,India,"$4,227.19"
2010,United States,"$54,437.08"
2010,Vanuatu,"$3,244.53"
2010,Solomon Islands,"$2,058.57"
2010,Philippines,"$5,918.37"
2010,Nauru,"$6,706.13"
2010,New Caledonia,
2010,Papua New Guinea,"$3,414.19"
2010,Korea,"$34,431.15"
2010,Taiwan,
2010,Kiribati,"$1,927.42"
2010,Japan,"$37,487.35"
2010,Guam,
2010,Vietnam,"$5,089.41"
2010,China,"$8,884.86"
2010,Qatar,"$100,691.18"
2010,United Kingdom,"$42,153.63"
2010,Luxembourg,"$108,196.79"
2010,Mauritius,"$16,797.82"
2010,South Africa,"$12,452.34"
2010,Argentina,"$23,521.48"
2010,Germany,"$46,927.33"
2010,France,"$42,349.54"
2010,Chile,"$20,560.61"
2010,Reunion,
2010,Tonga,"$5,491.50"
2010,Canada,"$45,095.90"
2010,Nigeria,"$4,932.33"
2010,Macau,
2010,Brazil,"$14,868.33"
2010,Turkey,"$20,042.26"
2010,Cook Islands,
2011,New Zealand,"$37,652.15"
2011,Indonesia,"$8,680.21"
2011,Hong Kong SAR,"$53,473.02"
2011,Malaysia,"$21,293.27"
2011,Singapore,"$81,398.62"
2011,United Arab Emirates,"$56,123.49"
2011,United States,"$54,884.71"
2011,Western Samoa,
2011,Brunei,"$69,388.64"
2011,Thailand,"$14,464.84"
2011,India,"$4,391.80"
2011,Vanuatu,"$3,197.03"
2011,China,"$9,686.92"
2011,Solomon Islands,"$2,271.44"
2011,Philippines,"$6,043.60"
2011,Fiji,"$10,756.78"
2011,Nauru,"$7,338.60"
2011,New Caledonia,
2011,Papua New Guinea,"$3,377.30"
2011,Korea,"$35,426.69"
2011,Taiwan,
2011,Kiribati,"$1,924.48"
2011,Guam,
2011,Japan,"$37,513.50"
2011,Vietnam,"$5,352.01"
2011,Qatar,"$104,091.10"
2011,South Africa,"$12,666.61"
2011,United Kingdom,"$42,469.65"
2011,Mauritius,"$17,454.78"
2011,Argentina,"$24,647.85"
2011,Germany,"$49,681.29"
2011,Chile,"$21,600.52"
2011,Reunion,
2011,Tonga,"$5,667.55"
2011,Canada,"$46,061.99"
2011,France,"$43,069.33"
2011,Macau,
2011,Tahiti,
2011,Cook Islands,
2011,Kazakhstan,"$21,970.09"
2012,New Zealand,"$38,284.93"
2012,Indonesia,"$9,080.04"
2012,Hong Kong SAR,"$53,785.15"
2012,Malaysia,"$22,136.41"
2012,Singapore,"$82,969.56"
2012,United Arab Emirates,"$57,390.71"
2012,Western Samoa,
2012,Thailand,"$15,439.87"
2012,China,"$10,397.49"
2012,India,"$4,574.74"
2012,Canada,"$46,367.50"
2012,United States,"$55,712.71"
2012,Vanuatu,"$3,163.87"
2012,Solomon Islands,"$2,312.80"
2012,Philippines,"$6,351.27"
2012,Fiji,"$10,888.16"
2012,Nauru,"$7,996.03"
2012,New Caledonia,
2012,Papua New Guinea,"$3,461.03"
2012,Korea,"$36,087.61"
2012,Taiwan,
2012,Japan,"$38,135.22"
2012,Guam,
2012,Vietnam,"$5,574.46"
2012,Brunei,"$69,091.73"
2012,Qatar,"$101,020.78"
2012,United Kingdom,"$42,799.11"
2012,Mauritius,"$18,014.99"
2012,South Africa,"$12,743.61"
2012,Argentina,"$24,119.08"
2012,Germany,"$49,796.16"
2012,France,"$42,995.59"
2012,Cook Islands,
2012,Chile,"$22,531.33"
2012,Reunion,
2012,Tonga,"$5,763.93"
2012,Netherlands,"$52,104.14"
2012,Macau,
2012,Tahiti,
2012,Kazakhstan,"$22,702.58"
2013,New Zealand,"$38,990.63"
2013,Indonesia,"$9,456.98"
2013,United Arab Emirates,"$59,921.73"
2013,Hong Kong SAR,"$55,230.86"
2013,Malaysia,"$22,860.29"
2013,Singapore,"$85,585.87"
2013,Western Samoa,
2013,Thailand,"$15,783.03"
2013,China,"$11,150.05"
2013,United States,"$56,350.65"
2013,Vanuatu,"$3,136.46"
2013,Solomon Islands,"$2,318.91"
2013,Philippines,"$6,666.25"
2013,Fiji,"$11,396.53"
2013,Nauru,"$9,920.69"
2013,New Caledonia,
2013,Japan,"$38,954.18"
2013,Papua New Guinea,"$3,520.80"
2013,Korea,"$37,060.59"
2013,Taiwan,
2013,Guam,
2013,Brunei,"$66,714.54"
2013,Qatar,"$99,133.72"
2013,Vietnam,"$5,815.12"
2013,United Kingdom,"$43,422.99"
2013,South Africa,"$12,852.28"
2013,Mauritius,"$18,579.37"
2013,Argentina,"$24,424.35"
2013,Germany,"$49,873.11"
2013,Macau,
2013,Cook Islands,
2013,Chile,"$23,214.38"
2013,Tonga,"$5,637.23"
2013,Canada,"$46,948.77"
2013,Uruguay,"$20,001.14"
2013,Kazakhstan,"$23,720.82"
2013,India,"$4,809.65"
2013,Tahiti,
2014,New Zealand,"$39,798.62"
2014,Indonesia,"$9,801.13"
2014,United Arab Emirates,"$62,378.66"
2014,Hong Kong SAR,"$56,359.31"
2014,Malaysia,"$23,910.77"
2014,Singapore,"$87,808.66"
2014,Western Samoa,
2014,Thailand,"$15,869.88"
2014,United States,"$57,313.86"
2014,Vanuatu,"$3,120.55"
2014,China,"$11,917.39"
2014,Solomon Islands,"$2,307.50"
2014,Philippines,"$6,973.64"
2014,Fiji,"$12,023.40"
2014,Nauru,"$11,462.67"
2014,New Caledonia,
2014,Papua New Guinea,"$3,917.99"
2014,Korea,"$38,007.94"
2014,Taiwan,
2014,Guam,
2014,Japan,"$39,152.07"
2014,Brunei,"$64,192.23"
2014,Qatar,"$97,938.31"
2014,Vietnam,"$6,098.49"
2014,United Kingdom,"$44,228.31"
2014,India,"$5,107.21"
2014,South Africa,"$12,884.06"
2014,Mauritius,"$19,240.22"
2014,Argentina,"$23,550.31"
2014,Cook Islands,
2014,Chile,"$23,375.15"
2014,Tonga,"$5,796.21"
2014,Canada,"$47,813.11"
2014,Macau,
2014,Brazil,"$15,744.35"
2015,New Zealand,"$40,467.20"
2015,Indonesia,"$10,149.60"
2015,United Arab Emirates,"$65,218.79"
2015,Hong Kong SAR,"$57,215.96"
2015,Malaysia,"$24,792.49"
2015,Singapore,"$89,366.31"
2015,Western Samoa,
2015,Thailand,"$16,301.54"
2015,Vanuatu,"$3,042.14"
2015,China,"$12,691.94"
2015,Solomon Islands,"$2,303.24"
2015,United States,"$58,535.77"
2015,Philippines,"$7,300.14"
2015,Fiji,"$12,552.65"
2015,Nauru,"$11,294.52"
2015,New Caledonia,
2015,Papua New Guinea,"$4,204.35"
2015,Korea,"$38,870.12"
2015,Taiwan,
2015,Tonga,"$6,026.09"
2015,Guam,
2015,Japan,"$39,672.95"
2015,Brunei,"$63,148.55"
2015,Qatar,"$97,305.93"
2015,Vietnam,"$6,438.26"
2015,United Kingdom,"$44,912.83"
2015,India,"$5,454.35"
2015,South Africa,"$12,840.04"
2015,Mauritius,"$19,897.48"
2015,Cook Islands,
2015,Chile,"$23,633.66"
2015,Canada,"$47,770.42"
2015,Macau,
2015,Turkey,"$26,015.49"
2015,Laos,
2016,New Zealand,"$41,083.81"
2016,Indonesia,"$10,531.20"
2016,United Arab Emirates,"$66,510.87"
2016,Hong Kong SAR,"$58,096.30"
2016,Malaysia,"$25,546.44"
2016,Singapore,"$91,075.54"
2016,Western Samoa,
2016,Thailand,"$16,797.77"
2016,Vanuatu,"$3,066.32"
2016,China,"$13,487.95"
2016,Solomon Islands,"$2,314.79"
2016,United States,"$59,028.59"
2016,Philippines,"$7,705.05"
2016,Fiji,"$12,812.06"
2016,Nauru,"$11,183.33"
2016,New Caledonia,
2016,Papua New Guinea,"$4,289.05"
2016,Korea,"$39,857.09"
2016,Taiwan,
2016,Japan,"$39,926.02"
2016,Brunei,"$60,865.99"
2016,Qatar,"$96,060.24"
2016,Vietnam,"$6,767.90"
2016,United Kingdom,"$45,428.72"
2016,India,"$5,840.67"
2016,South Africa,"$12,703.82"
2016,Mauritius,"$20,646.93"
2016,Cook Islands,
2016,Chile,"$23,721.61"
2016,Tonga,"$6,208.06"
2016,Canada,"$47,705.52"
2016,Macau,
2016,Guam,
2016,Brazil,"$14,446.41"
2017,New Zealand,"$41,493.03"
2017,Indonesia,"$10,935.84"
2017,Qatar,"$95,058.47"
2017,United Arab Emirates,"$67,183.63"
2017,China,"$14,344.42"
2017,Hong Kong SAR,"$59,849.25"
2017,Malaysia,"$26,648.33"
2017,Singapore,"$94,940.97"
2017,Western Samoa,
2017,Thailand,"$17,420.57"
2017,Vanuatu,"$3,121.11"
2017,Solomon Islands,"$2,337.64"
2017,United States,"$59,957.73"
2017,Philippines,"$8,120.84"
2017,Fiji,"$13,429.32"
2017,Nauru,"$10,682.23"
2017,New Caledonia,
2017,Papua New Guinea,"$4,353.27"
2017,Korea,"$41,001.07"
2017,Taiwan,
2017,Japan,"$40,858.88"
2017,Canada,"$48,633.83"
2017,Brunei,"$60,995.68"
2017,Vietnam,"$7,155.75"
2017,United Kingdom,"$45,974.86"
2017,India,"$6,185.99"
2017,South Africa,"$12,703.42"
2017,Mauritius,"$21,415.12"
2017,Cook Islands,
2017,Chile,"$23,663.89"
2017,Tonga,"$6,321.61"
2017,Macau,
2017,Sri Lanka,"$12,584.10"
2018,New Zealand,"$42,635.22"
2018,Indonesia,"$11,371.53"
2018,Qatar,"$94,502.69"
2018,United Arab Emirates,"$66,968.27"
2018,China,"$15,243.25"
2018,Hong Kong SAR,"$61,071.92"
2018,Malaysia,"$27,536.92"
2018,Fiji,"$13,808.07"
2018,Singapore,"$97,744.95"
2018,Western Samoa,
2018,Thailand,"$18,086.51"
2018,Vanuatu,"$3,129.89"
2018,Solomon Islands,"$2,365.20"
2018,United States,"$61,391.37"
2018,Philippines,"$8,516.09"
2018,Nauru,"$11,487.04"
2018,New Caledonia,
2018,Papua New Guinea,"$4,235.94"
2018,Korea,"$41,894.11"
2018,Taiwan,
2018,Japan,"$41,074.10"
2018,Canada,"$48,924.40"
2018,Brunei,"$60,388.90"
2018,Sri Lanka,"$12,864.61"
2018,Vietnam,"$7,586.38"
2018,United Kingdom,"$46,309.80"
2018,India,"$6,496.81"
2018,Chile,"$24,258.65"
2018,South Africa,"$12,630.75"
2018,Mauritius,"$22,208.19"
2018,Cook Islands,
2018,Tonga,"$6,266.90"
2018,Macau,
2018,Bahrain,"$46,242.32"
